Designator,Qty,Description,Suggested Part,MPN,Package,Notes
J1,1,2×20 header (male),Samtec/Harwin,2x20 2.54mm,TH,Down to Board A
"J2,J3",2,mikroBUS left (AN..GND) 1×8 female,Samtec/Harwin,1x8 2.54mm,TH,Socket 1 & 2 left
"J4,J5",2,mikroBUS right (PWM..GND) 1×8 female,Samtec/Harwin,1x8 2.54mm,TH,Socket 1 & 2 right
"F2,F3",2,Per-socket 5V polyfuse 500mA,Littlefuse,1206L050,1206,Protect Clicks
U1,1,ADC 12-bit I2C,TI ADS1015,ADS1015IDGST,VSSOP-10,AN1/AN2 via CH0/CH1
"RPU1,RPU2",2,I2C pull-ups 10k (if needed),Generic,10k 1%,0603,Usually on Board A
SJ*,6,Solder jumpers for CS/UART/PWM map,Generic,SJ_2,—,Document silk defaults
U2,1,HAT EEPROM (optional),Microchip 24LC32,24LC32A-I/SN,SOIC-8,On pins 27/28
C*,12,0.1µF decoupling,Generic,0.1µF 50V X7R,0603,Near sockets & ADC
CBULK,2,10µF bulk,Generic,10µF 10V X5R,1206,Per socket bank
MH*,4,M2.5 mounting holes,—,2.7mm,—,HAT standard spacing
