Designator,Qty,Description,Suggested Part,MPN,Package,Notes
U1,1,Buck 12V→5V ≥3A,MPS MP1584EN,MP1584EN,SOIC-8 EP,External inductor/catch diode per DS
U2,1,LDO/Buck 5V→3V3 ≥1A,TI TPS62133,TPS62133RGTR,QFN-16,Low noise preferred
F1,1,Polyfuse on 5V main 1.5–2A,Littlefuse,1206L150,1206,Self-resetting
"D1,D2",2,TVS diode 5V/3V3,Littelfuse SMF series,SMF5.0A / SMF3.3A,SMAF,Rail protection
U3,1,I2C level shifter,NXP PCA9306,PCA9306DCTR,TSSOP-8,1.8↔3.3 V
U4,1,8-bit level translator (SPI/GPIO),TI SN74AXC8T245,SN74AXC8T245RHLR,VQFN-24,Push-pull suitable for SPI
U5,1,USB bridge dual (SPI/UART),FTDI FT2232H,FT2232H-64Q,LQFP-64,Optional path
U5A,1,I2C+UART bridge (low-cost),Microchip MCP2221A,MCP2221A-I/SL,SOIC-14,Alternative to U5
USB1,1,USB-C receptacle (USB2.0),Generic,USB Type-C 16P,SMD,For bridge path
ESD1,1,USB ESD protection,ST USBLC6-2SC6,USBLC6-2SC6,SOT23-6,Protect D+/D-
JHAT,1,2×20 stacking header (female),Samtec/Harwin,HAT Stacking 11mm,TH,Upward to Board B
JP*,8,0Ω links/jumpers for routing,Generic,0R 0603,0603,Signal select/mux
C*,20,Decoupling 0.1µF,Generic,0.1µF 50V X7R,0603,One per IC pin min
CBULK,4,Bulk cap 10–47µF,Generic,22µF 10V X5R,1206,Near regulators and headers
