Function,Pi Header Pin,GPIO,Socket 1,Socket 2,Notes
3V3,1/17,—,3V3,3V3,Logic rail
5V,2/4,—,5V,5V,Power rail (polyfused per socket)
GND,9/14/20/25/30/34/39,—,GND,GND,Multiple return points
I2C SDA,3,GPIO2,SDA,SDA,Pulled up on Board A
I2C SCL,5,GPIO3,SCL,SCL,Pulled up on Board A
SPI MOSI,19,GPIO10,MOSI,MOSI,Series 22–33 Ω near source
SPI MISO,21,GPIO9,MISO,MISO,Series 22–33 Ω near source
SPI SCK,23,GPIO11,SCK,SCK,Series 22–33 Ω near source
SPI CS0,24,GPIO8,CS,—,Default CS for Socket 1
SPI CS1,26,GPIO7,—,CS,Default CS for Socket 2
UART TXD,8,GPIO14,TX,(jumper-select),Share or dedicate via jumpers
UART RXD,10,GPIO15,RX,(jumper-select),Share or dedicate via jumpers
PWM0,32,GPIO12,PWM,—,Socket 1 PWM by default
PWM1,33,GPIO13,—,PWM,Socket 2 PWM by default
INT1,22,GPIO25,INT,—,Interrupt line Socket 1
INT2,18,GPIO24,—,INT,Interrupt line Socket 2
RST1,15,GPIO22,RST,—,Reset line Socket 1
RST2,13,GPIO27,—,RST,Reset line Socket 2
AN1,—,—,AN→ADS1015 CH0,—,Analog via I2C ADC (0x48)
AN2,—,—,—,AN→ADS1015 CH1,Analog via I2C ADC (0x48)
